search_objective,optimizer,seed,trial_id,size,lr,beta,dpo_step,st_tuner_time,ARC-C,GPQA,GSM8K,HellaSwag,PIQA,TruthfulQA,IFEval,Arena-Hard,MT-Bench,AlpacaEval,ELO,Z-Static,Z-Dynamic,Z-All,elapsed_time_sec
ELO,ASHA,0,0,14b,2e-06,0.01,200,6789.502041196824,72.01365,36.868687,91.96361,82.23461,78.67247,66.43039,77.74721,76.9,85.80645,57.493683,1285.0702,0.89506,1.1885978,1.001801,6789.4
ELO,ASHA,1,0,8b,1e-06,0.01,400,8503.80217657089,71.50171,38.38384,87.03563,80.30273,77.52992,63.918243,78.31548,75.13333,86.92811,50.0,1262.8969,0.7328495,1.0249617,0.8390721,8503.7
ELO,ASHA,2,1,8b,4e-06,0.01,400,8528.202849483489,73.63481,39.89899,89.461716,80.521805,75.51687,66.80005,76.452034,68.066666,87.08609,43.21869,1224.9589,0.7624777,0.71194535,0.7441023,8528.1
ELO,ASHA,3,1,8b,1e-06,0.01,400,8503.803674316405,71.50171,38.38384,87.03563,80.30273,77.52992,63.918243,78.31548,75.13333,86.92811,50.0,1262.8969,0.7328495,1.0249617,0.8390721,8503.7
ELO,ASHA,4,3,14b,2e-06,0.04,200,26297.24315152168,71.331055,36.868687,89.9166,82.03545,79.86942,62.660313,78.98243,67.13333,84.31373,41.638817,1232.137,0.8657634,0.6721739,0.79536724,6766.9
ELO,ASHA,5,2,14b,4e-06,0.01,200,16739.825455760954,74.06143,36.363636,90.59894,82.25453,77.14908,69.228386,79.03363,70.666664,86.451614,53.84435,1268.0673,0.897812,0.9996048,0.93482757,6759.6
ELO,ASHA,6,10,4b,1e-06,0.01,200,20428.24103866767,67.06485,34.848484,86.732376,77.82314,78.07399,60.518658,75.3442,84.166664,86.21795,38.53362,1210.0366,0.54670376,1.025507,0.720814,2902.3
ELO,ASHA,7,1,8b,1e-06,0.02,400,8508.002743339537,71.07509,38.38384,85.74678,79.82474,77.85637,63.049118,79.82049,69.6,83.22581,43.49624,1254.9758,0.72375345,0.6804024,0.7079894,8507.9
ELO,ASHA,8,0,8b,1e-06,0.02,400,8508.00219926834,71.07509,38.38384,85.74678,79.82474,77.85637,63.049118,79.82049,69.6,83.22581,43.49624,1254.9758,0.72375345,0.6804024,0.7079894,8507.9
ELO,ASHA,9,0,14b,4e-06,0.02,200,6764.006626224518,72.61092,37.373737,91.43291,82.13503,78.23721,68.20614,78.7239,72.96667,83.552635,50.026516,1262.8114,0.92929727,0.9276821,0.92871,6763.9
ELO,ASHA,10,5,8b,4e-06,0.01,200,27959.50601730537,71.92833,39.39394,87.64215,80.60147,76.605,65.273674,76.106064,72.2,84.09091,47.07675,1223.7786,0.79442984,0.8439179,0.8124255,4264.0
ELO,ASHA,11,4,14b,2e-06,0.01,200,22219.89591560745,72.01365,36.868687,91.96361,82.23461,78.67247,66.43039,77.74721,76.9,85.80645,57.493683,1285.0702,0.89506,1.1885978,1.001801,6789.4
ELO,ASHA,12,3,14b,2e-06,0.02,200,20261.07366905403,71.672356,37.373737,91.12965,82.274445,79.434166,65.073105,78.32922,72.066666,84.09091,51.98968,1262.9352,0.9103049,0.94679034,0.9235723,6745.7
ELO,ASHA,13,2,14b,2e-06,0.01,200,16869.63782916069,72.01365,36.868687,91.96361,82.23461,78.67247,66.43039,77.74721,76.9,85.80645,57.493683,1285.0702,0.89506,1.1885978,1.001801,6789.4
ELO,ASHA,14,2,14b,4e-06,0.01,200,19264.86060581207,74.06143,36.363636,90.59894,82.25453,77.14908,69.228386,79.03363,70.666664,86.451614,53.84435,1268.0673,0.897812,0.9996048,0.93482757,6759.6
ELO,ASHA,15,3,4b,1e-06,0.02,200,12912.529661512372,67.40614,36.868687,86.959816,77.61402,78.29162,60.46324,74.22511,83.933334,86.18421,36.236164,1187.1586,0.5990982,0.96556526,0.73235893,2902.3
ELO,ASHA,16,2,14b,2e-06,0.01,200,19264.659180021285,72.01365,36.868687,91.96361,82.23461,78.67247,66.43039,77.74721,76.9,85.80645,57.493683,1285.0702,0.89506,1.1885978,1.001801,6789.4
ELO,ASHA,17,2,14b,1e-06,0.01,400,26017.16067442894,72.35495,36.868687,92.191055,82.20474,78.726875,66.98725,77.646034,76.566666,88.3871,55.30741,1276.745,0.8597641,1.1891431,0.97953826,13541.9
ELO,ASHA,18,2,4b,1e-06,0.01,200,15407.566660976408,67.06485,34.848484,86.732376,77.82314,78.07399,60.518658,75.3442,84.166664,86.21795,38.53362,1210.0366,0.54670376,1.025507,0.720814,2902.3
ELO,ASHA,19,4,14b,1e-06,0.02,400,20959.398611167908,71.75768,37.373737,91.43291,82.224655,79.10773,65.29052,77.523636,73.46667,81.9079,49.954933,1265.8021,0.84879744,0.84370786,0.84694666,13594.0
ELO,ASHA,20,0,8b,4e-06,0.01,400,8528.202098226546,73.63481,39.89899,89.461716,80.521805,75.51687,66.80005,76.452034,68.066666,87.08609,43.21869,1224.9589,0.7624777,0.71194535,0.7441023,8528.1
ELO,ASHA,21,4,14b,2e-06,0.02,200,31811.120046949385,71.672356,37.373737,91.12965,82.274445,79.434166,65.073105,78.32922,72.066666,84.09091,51.98968,1262.9352,0.9103049,0.94679034,0.9235723,6745.7
ELO,ASHA,22,0,14b,1e-06,0.01,600,20312.902641391756,72.8669,36.868687,91.357086,82.4537,78.50925,68.0801,76.699326,74.26667,86.60131,54.841022,1285.787,0.83932745,1.2500756,0.98869044,20312.8
ELO,ASHA,23,2,14b,4e-06,0.02,200,19289.15764555931,72.61092,37.373737,91.43291,82.13503,78.23721,68.20614,78.7239,72.96667,83.552635,50.026516,1262.8114,0.92929727,0.9276821,0.92871,6763.9
ELO,ASHA,24,3,8b,2e-06,0.04,200,33737.87784514428,70.819115,38.88889,84.60955,79.615616,78.07399,60.554516,80.688515,69.933334,83.11688,32.8592,1195.9059,0.7492972,0.5514105,0.6773384,4262.4
ELO,BOHB,0,0,14b,2e-06,0.01,200,6789.503368711472,72.01365,36.868687,91.96361,82.23461,78.67247,66.43039,77.74721,76.9,85.80645,57.493683,1285.0702,0.89506,1.1885978,1.001801,6789.4
ELO,BOHB,1,0,8b,1e-06,0.01,400,8503.803699588774,71.50171,38.38384,87.03563,80.30273,77.52992,63.918243,78.31548,75.13333,86.92811,50.0,1262.8969,0.7328495,1.0249617,0.8390721,8503.7
ELO,BOHB,2,1,8b,4e-06,0.01,400,8528.205826377867,73.63481,39.89899,89.461716,80.521805,75.51687,66.80005,76.452034,68.066666,87.08609,43.21869,1224.9589,0.7624777,0.71194535,0.7441023,8528.1
ELO,BOHB,3,1,8b,1e-06,0.01,400,8503.802780246733,71.50171,38.38384,87.03563,80.30273,77.52992,63.918243,78.31548,75.13333,86.92811,50.0,1262.8969,0.7328495,1.0249617,0.8390721,8503.7
ELO,BOHB,4,3,14b,2e-06,0.04,200,26297.252440309523,71.331055,36.868687,89.9166,82.03545,79.86942,62.660313,78.98243,67.13333,84.31373,41.638817,1232.137,0.8657634,0.6721739,0.79536724,6766.9
ELO,BOHB,5,2,14b,4e-06,0.01,200,16739.828546857832,74.06143,36.363636,90.59894,82.25453,77.14908,69.228386,79.03363,70.666664,86.451614,53.84435,1268.0673,0.897812,0.9996048,0.93482757,6759.6
ELO,BOHB,6,6,14b,2e-06,0.02,200,17196.243032318114,71.672356,37.373737,91.12965,82.274445,79.434166,65.073105,78.32922,72.066666,84.09091,51.98968,1262.9352,0.9103049,0.94679034,0.9235723,6745.7
ELO,BOHB,7,1,8b,1e-06,0.02,400,8508.005640840529,71.07509,38.38384,85.74678,79.82474,77.85637,63.049118,79.82049,69.6,83.22581,43.49624,1254.9758,0.72375345,0.6804024,0.7079894,8507.9
ELO,BOHB,8,0,8b,1e-06,0.02,400,8508.002444839476,71.07509,38.38384,85.74678,79.82474,77.85637,63.049118,79.82049,69.6,83.22581,43.49624,1254.9758,0.72375345,0.6804024,0.7079894,8507.9
ELO,BOHB,9,0,14b,4e-06,0.02,200,6764.001833534241,72.61092,37.373737,91.43291,82.13503,78.23721,68.20614,78.7239,72.96667,83.552635,50.026516,1262.8114,0.92929727,0.9276821,0.92871,6763.9
ELO,BOHB,10,5,8b,4e-06,0.02,200,27951.49778065872,71.92833,38.88889,86.50493,80.233025,77.910774,64.28033,78.08692,72.0,85.76159,41.394894,1237.6453,0.8198004,0.81409365,0.8177252,4256.0
ELO,BOHB,11,4,14b,2e-06,0.01,200,22219.89721999549,72.01365,36.868687,91.96361,82.23461,78.67247,66.43039,77.74721,76.9,85.80645,57.493683,1285.0702,0.89506,1.1885978,1.001801,6789.4
ELO,BOHB,12,3,14b,2e-06,0.02,200,20261.074474908823,71.672356,37.373737,91.12965,82.274445,79.434166,65.073105,78.32922,72.066666,84.09091,51.98968,1262.9352,0.9103049,0.94679034,0.9235723,6745.7
ELO,BOHB,13,2,14b,2e-06,0.01,200,16869.625629997252,72.01365,36.868687,91.96361,82.23461,78.67247,66.43039,77.74721,76.9,85.80645,57.493683,1285.0702,0.89506,1.1885978,1.001801,6789.4
ELO,BOHB,14,2,14b,4e-06,0.01,200,19264.85626540184,74.06143,36.363636,90.59894,82.25453,77.14908,69.228386,79.03363,70.666664,86.451614,53.84435,1268.0673,0.897812,0.9996048,0.93482757,6759.6
ELO,BOHB,15,3,4b,1e-06,0.02,200,12912.527908182145,67.40614,36.868687,86.959816,77.61402,78.29162,60.46324,74.22511,83.933334,86.18421,36.236164,1187.1586,0.5990982,0.96556526,0.73235893,2902.3
ELO,BOHB,16,2,14b,2e-06,0.01,200,19264.659178352355,72.01365,36.868687,91.96361,82.23461,78.67247,66.43039,77.74721,76.9,85.80645,57.493683,1285.0702,0.89506,1.1885978,1.001801,6789.4
ELO,BOHB,17,2,14b,1e-06,0.01,400,26017.15607676506,72.35495,36.868687,92.191055,82.20474,78.726875,66.98725,77.646034,76.566666,88.3871,55.30741,1276.745,0.8597641,1.1891431,0.97953826,13541.9
ELO,BOHB,18,2,4b,1e-06,0.01,200,15407.55575237274,67.06485,34.848484,86.732376,77.82314,78.07399,60.518658,75.3442,84.166664,86.21795,38.53362,1210.0366,0.54670376,1.025507,0.720814,2902.3
ELO,BOHB,19,4,14b,1e-06,0.02,400,20959.39818654442,71.75768,37.373737,91.43291,82.224655,79.10773,65.29052,77.523636,73.46667,81.9079,49.954933,1265.8021,0.84879744,0.84370786,0.84694666,13594.0
ELO,BOHB,20,5,14b,1e-06,0.01,200,28591.47476444625,69.96587,36.363636,89.31008,82.07529,80.52231,59.815693,80.17145,71.26667,82.90323,42.76248,1232.8019,0.8194465,0.7471075,0.7931414,6770.9
ELO,BOHB,21,4,14b,2e-06,0.02,200,31811.11177072525,71.672356,37.373737,91.12965,82.274445,79.434166,65.073105,78.32922,72.066666,84.09091,51.98968,1262.9352,0.9103049,0.94679034,0.9235723,6745.7
ELO,BOHB,22,0,14b,1e-06,0.01,600,20312.902775382998,72.8669,36.868687,91.357086,82.4537,78.50925,68.0801,76.699326,74.26667,86.60131,54.841022,1285.787,0.83932745,1.2500756,0.98869044,20312.8
ELO,BOHB,23,2,14b,4e-06,0.02,200,19289.157112932204,72.61092,37.373737,91.43291,82.13503,78.23721,68.20614,78.7239,72.96667,83.552635,50.026516,1262.8114,0.92929727,0.9276821,0.92871,6763.9
ELO,BOHB,24,3,8b,2e-06,0.04,200,33737.862474060064,70.819115,38.88889,84.60955,79.615616,78.07399,60.554516,80.688515,69.933334,83.11688,32.8592,1195.9059,0.7492972,0.5514105,0.6773384,4262.4
ELO,BOTorch,0,3,14b,4e-06,0.01,200,19264.858596658705,74.06143,36.363636,90.59894,82.25453,77.14908,69.228386,79.03363,70.666664,86.451614,53.84435,1268.0673,0.897812,0.9996048,0.93482757,6759.6
ELO,BOTorch,1,2,8b,2e-06,0.02,200,16777.95591125488,71.16041,37.878788,85.44352,79.72515,77.96518,62.357796,78.13563,71.6,87.33766,43.10038,1226.4381,0.74252415,0.85279983,0.7826244,4237.7
ELO,BOTorch,2,1,14b,1e-06,0.02,400,13594.102225637434,71.75768,37.373737,91.43291,82.224655,79.10773,65.29052,77.523636,73.46667,81.9079,49.954933,1265.8021,0.84879744,0.84370786,0.84694666,13594.0
ELO,BOTorch,3,1,8b,4e-06,0.02,200,4256.1025863647465,71.92833,38.88889,86.50493,80.233025,77.910774,64.28033,78.08692,72.0,85.76159,41.394894,1237.6453,0.8198004,0.81409365,0.8177252,4256.0
ELO,BOTorch,4,0,8b,4e-06,0.02,200,4256.102954006195,71.92833,38.88889,86.50493,80.233025,77.910774,64.28033,78.08692,72.0,85.76159,41.394894,1237.6453,0.8198004,0.81409365,0.8177252,4256.0
ELO,BOTorch,5,1,8b,4e-06,0.02,200,4256.102656698227,71.92833,38.88889,86.50493,80.233025,77.910774,64.28033,78.08692,72.0,85.76159,41.394894,1237.6453,0.8198004,0.81409365,0.8177252,4256.0
ELO,BOTorch,6,2,8b,4e-06,0.04,200,8365.989543771742,71.58703,39.39394,86.27748,79.994026,77.693146,63.703495,78.71265,70.2,81.818184,37.30453,1206.29,0.8091844,0.59860915,0.7326116,1325.8
ELO,BOTorch,7,2,14b,4e-06,0.02,200,19259.155337429045,72.61092,37.373737,91.43291,82.13503,78.23721,68.20614,78.7239,72.96667,83.552635,50.026516,1262.8114,0.92929727,0.9276821,0.92871,6763.9
ELO,BOTorch,8,0,14b,4e-06,0.04,400,13505.302269554137,72.35495,34.343433,89.08264,82.32424,79.10773,68.15405,76.56319,63.166668,82.35294,40.89071,1210.4487,0.8049444,0.40437394,0.65928245,13505.2
ELO,BOTorch,9,1,8b,2e-06,0.01,200,4259.702155685425,70.819115,38.38384,86.353294,80.233025,77.85637,63.270527,78.69641,77.73333,84.83871,47.87344,1242.7335,0.7766102,1.0122542,0.86229897,4259.6
ELO,BOTorch,10,2,8b,4e-06,0.04,200,11356.026471233366,71.58703,39.39394,86.27748,79.994026,77.693146,63.703495,78.71265,70.2,81.818184,37.30453,1206.29,0.8091844,0.59860915,0.7326116,1325.8
ELO,BOTorch,11,0,8b,4e-06,0.02,200,4256.107489442826,71.92833,38.88889,86.50493,80.233025,77.910774,64.28033,78.08692,72.0,85.76159,41.394894,1237.6453,0.8198004,0.81409365,0.8177252,4256.0
ELO,BOTorch,12,0,4b,1e-06,0.01,200,2902.404410219193,67.06485,34.848484,86.732376,77.82314,78.07399,60.518658,75.3442,84.166664,86.21795,38.53362,1210.0366,0.54670376,1.025507,0.720814,2902.3
ELO,BOTorch,13,1,8b,1e-06,0.02,400,8508.002910470961,71.07509,38.38384,85.74678,79.82474,77.85637,63.049118,79.82049,69.6,83.22581,43.49624,1254.9758,0.72375345,0.6804024,0.7079894,8507.9
ELO,BOTorch,14,1,14b,2e-06,0.01,200,6789.501980400086,72.01365,36.868687,91.96361,82.23461,78.67247,66.43039,77.74721,76.9,85.80645,57.493683,1285.0702,0.89506,1.1885978,1.001801,6789.4
ELO,BOTorch,15,1,14b,4e-06,0.02,200,6764.001945829392,72.61092,37.373737,91.43291,82.13503,78.23721,68.20614,78.7239,72.96667,83.552635,50.026516,1262.8114,0.92929727,0.9276821,0.92871,6763.9
ELO,BOTorch,16,1,14b,2e-06,0.04,200,6767.002064561844,71.331055,36.868687,89.9166,82.03545,79.86942,62.660313,78.98243,67.13333,84.31373,41.638817,1232.137,0.8657634,0.6721739,0.79536724,6766.9
ELO,BOTorch,17,1,14b,1e-06,0.02,400,13594.102115011214,71.75768,37.373737,91.43291,82.224655,79.10773,65.29052,77.523636,73.46667,81.9079,49.954933,1265.8021,0.84879744,0.84370786,0.84694666,13594.0
ELO,BOTorch,18,0,8b,4e-06,0.01,400,8528.201478099822,73.63481,39.89899,89.461716,80.521805,75.51687,66.80005,76.452034,68.066666,87.08609,43.21869,1224.9589,0.7624777,0.71194535,0.7441023,8528.1
ELO,BOTorch,19,0,14b,1e-06,0.02,400,13594.102175807951,71.75768,37.373737,91.43291,82.224655,79.10773,65.29052,77.523636,73.46667,81.9079,49.954933,1265.8021,0.84879744,0.84370786,0.84694666,13594.0
ELO,BOTorch,20,1,14b,4e-06,0.01,200,6759.7028664112095,74.06143,36.363636,90.59894,82.25453,77.14908,69.228386,79.03363,70.666664,86.451614,53.84435,1268.0673,0.897812,0.9996048,0.93482757,6759.6
ELO,BOTorch,21,1,4b,2e-06,0.01,200,688.002408838272,68.85666,36.868687,88.324486,78.838875,78.618065,63.704185,78.30174,83.566666,83.98693,41.610497,1196.2502,0.7386879,0.98984534,0.83001786,687.9
ELO,BOTorch,22,1,8b,1e-06,0.04,800,17063.301319932936,71.672356,39.89899,86.732376,79.65545,78.29162,63.274734,79.67061,70.1,84.31373,33.04767,1195.4678,0.75985557,0.75985825,0.7598565,17063.2
ELO,BOTorch,23,1,4b,1e-06,0.02,200,2902.402270650864,67.40614,36.868687,86.959816,77.61402,78.29162,60.46324,74.22511,83.933334,86.18421,36.236164,1187.1586,0.5990982,0.96556526,0.73235893,2902.3
ELO,BOTorch,24,0,8b,1e-06,0.01,400,8503.802034711836,71.50171,38.38384,87.03563,80.30273,77.52992,63.918243,78.31548,75.13333,86.92811,50.0,1262.8969,0.7328495,1.0249617,0.8390721,8503.7
ELO,CQR,0,0,14b,2e-06,0.01,200,6789.502111053467,72.01365,36.868687,91.96361,82.23461,78.67247,66.43039,77.74721,76.9,85.80645,57.493683,1285.0702,0.89506,1.1885978,1.001801,6789.4
ELO,CQR,1,0,8b,1e-06,0.01,400,8503.802304601668,71.50171,38.38384,87.03563,80.30273,77.52992,63.918243,78.31548,75.13333,86.92811,50.0,1262.8969,0.7328495,1.0249617,0.8390721,8503.7
ELO,CQR,2,1,8b,4e-06,0.01,400,8528.202270126341,73.63481,39.89899,89.461716,80.521805,75.51687,66.80005,76.452034,68.066666,87.08609,43.21869,1224.9589,0.7624777,0.71194535,0.7441023,8528.1
ELO,CQR,3,1,8b,1e-06,0.01,400,8503.802137947081,71.50171,38.38384,87.03563,80.30273,77.52992,63.918243,78.31548,75.13333,86.92811,50.0,1262.8969,0.7328495,1.0249617,0.8390721,8503.7
ELO,CQR,4,3,14b,2e-06,0.04,200,26297.24130115509,71.331055,36.868687,89.9166,82.03545,79.86942,62.660313,78.98243,67.13333,84.31373,41.638817,1232.137,0.8657634,0.6721739,0.79536724,6766.9
ELO,CQR,5,2,14b,4e-06,0.01,200,16739.824917173384,74.06143,36.363636,90.59894,82.25453,77.14908,69.228386,79.03363,70.666664,86.451614,53.84435,1268.0673,0.897812,0.9996048,0.93482757,6759.6
ELO,CQR,6,5,14b,2e-06,0.01,200,26319.74404964447,72.01365,36.868687,91.96361,82.23461,78.67247,66.43039,77.74721,76.9,85.80645,57.493683,1285.0702,0.89506,1.1885978,1.001801,6789.4
ELO,CQR,7,1,8b,1e-06,0.02,400,8508.003051376341,71.07509,38.38384,85.74678,79.82474,77.85637,63.049118,79.82049,69.6,83.22581,43.49624,1254.9758,0.72375345,0.6804024,0.7079894,8507.9
ELO,CQR,8,0,8b,1e-06,0.02,400,8508.002362823485,71.07509,38.38384,85.74678,79.82474,77.85637,63.049118,79.82049,69.6,83.22581,43.49624,1254.9758,0.72375345,0.6804024,0.7079894,8507.9
ELO,CQR,9,0,14b,4e-06,0.02,200,6764.002358293534,72.61092,37.373737,91.43291,82.13503,78.23721,68.20614,78.7239,72.96667,83.552635,50.026516,1262.8114,0.92929727,0.9276821,0.92871,6763.9
ELO,CQR,10,0,1.7b,2e-06,0.01,1600,9825.802228069304,58.27645,21.717173,54.662624,68.42262,75.952126,48.15608,46.68413,71.73333,79.86577,19.916653,993.6011,-0.80166423,0.3678963,-0.3763695,9825.7
ELO,CQR,11,1,14b,2e-06,0.04,200,6767.0039235115055,71.331055,36.868687,89.9166,82.03545,79.86942,62.660313,78.98243,67.13333,84.31373,41.638817,1232.137,0.8657634,0.6721739,0.79536724,6766.9
ELO,CQR,12,3,14b,2e-06,0.02,200,29301.081028556822,71.672356,37.373737,91.12965,82.274445,79.434166,65.073105,78.32922,72.066666,84.09091,51.98968,1262.9352,0.9103049,0.94679034,0.9235723,6745.7
ELO,CQR,13,2,14b,2e-06,0.01,200,16869.626700019835,72.01365,36.868687,91.96361,82.23461,78.67247,66.43039,77.74721,76.9,85.80645,57.493683,1285.0702,0.89506,1.1885978,1.001801,6789.4
ELO,CQR,14,2,14b,4e-06,0.01,200,19264.856017208094,74.06143,36.363636,90.59894,82.25453,77.14908,69.228386,79.03363,70.666664,86.451614,53.84435,1268.0673,0.897812,0.9996048,0.93482757,6759.6
ELO,CQR,15,3,4b,1e-06,0.02,200,12912.52548894882,67.40614,36.868687,86.959816,77.61402,78.29162,60.46324,74.22511,83.933334,86.18421,36.236164,1187.1586,0.5990982,0.96556526,0.73235893,2902.3
ELO,CQR,16,2,14b,2e-06,0.01,200,19264.65547952652,72.01365,36.868687,91.96361,82.23461,78.67247,66.43039,77.74721,76.9,85.80645,57.493683,1285.0702,0.89506,1.1885978,1.001801,6789.4
ELO,CQR,17,2,14b,1e-06,0.01,400,26017.156005477904,72.35495,36.868687,92.191055,82.20474,78.726875,66.98725,77.646034,76.566666,88.3871,55.30741,1276.745,0.8597641,1.1891431,0.97953826,13541.9
ELO,CQR,18,2,4b,1e-06,0.01,200,15407.5554772377,67.06485,34.848484,86.732376,77.82314,78.07399,60.518658,75.3442,84.166664,86.21795,38.53362,1210.0366,0.54670376,1.025507,0.720814,2902.3
ELO,CQR,19,0,4b,1e-06,0.01,200,2902.402283763886,67.06485,34.848484,86.732376,77.82314,78.07399,60.518658,75.3442,84.166664,86.21795,38.53362,1210.0366,0.54670376,1.025507,0.720814,2902.3
ELO,CQR,20,0,8b,4e-06,0.01,400,8528.202999687193,73.63481,39.89899,89.461716,80.521805,75.51687,66.80005,76.452034,68.066666,87.08609,43.21869,1224.9589,0.7624777,0.71194535,0.7441023,8528.1
ELO,CQR,21,4,14b,2e-06,0.02,200,31811.11101469993,71.672356,37.373737,91.12965,82.274445,79.434166,65.073105,78.32922,72.066666,84.09091,51.98968,1262.9352,0.9103049,0.94679034,0.9235723,6745.7
ELO,CQR,22,0,14b,1e-06,0.01,600,20312.902842617037,72.8669,36.868687,91.357086,82.4537,78.50925,68.0801,76.699326,74.26667,86.60131,54.841022,1285.787,0.83932745,1.2500756,0.98869044,20312.8
ELO,CQR,23,2,14b,4e-06,0.02,200,19289.15611920357,72.61092,37.373737,91.43291,82.13503,78.23721,68.20614,78.7239,72.96667,83.552635,50.026516,1262.8114,0.92929727,0.9276821,0.92871,6763.9
ELO,CQR,24,3,8b,2e-06,0.04,200,33737.86348114014,70.819115,38.88889,84.60955,79.615616,78.07399,60.554516,80.688515,69.933334,83.11688,32.8592,1195.9059,0.7492972,0.5514105,0.6773384,4262.4
ELO,RandomSearch,0,3,14b,4e-06,0.01,200,19234.857368326186,74.06143,36.363636,90.59894,82.25453,77.14908,69.228386,79.03363,70.666664,86.451614,53.84435,1268.0673,0.897812,0.9996048,0.93482757,6759.6
ELO,RandomSearch,1,1,8b,2e-06,0.01,200,4259.702740764618,70.819115,38.38384,86.353294,80.233025,77.85637,63.270527,78.69641,77.73333,84.83871,47.87344,1242.7335,0.7766102,1.0122542,0.86229897,4259.6
ELO,RandomSearch,2,1,14b,2e-06,0.02,200,6745.802596902848,71.672356,37.373737,91.12965,82.274445,79.434166,65.073105,78.32922,72.066666,84.09091,51.98968,1262.9352,0.9103049,0.94679034,0.9235723,6745.7
ELO,RandomSearch,3,2,8b,2e-06,0.01,200,14239.824527359007,70.819115,38.38384,86.353294,80.233025,77.85637,63.270527,78.69641,77.73333,84.83871,47.87344,1242.7335,0.7766102,1.0122542,0.86229897,4259.6
ELO,RandomSearch,4,0,8b,4e-06,0.01,400,8528.201356744765,73.63481,39.89899,89.461716,80.521805,75.51687,66.80005,76.452034,68.066666,87.08609,43.21869,1224.9589,0.7624777,0.71194535,0.7441023,8528.1
ELO,RandomSearch,5,2,14b,1e-06,0.04,600,30231.72515258789,72.1843,37.373737,90.59894,81.9757,79.651794,64.12944,78.37294,69.3,87.012985,41.15565,1232.0355,0.8329583,0.87229156,0.8472613,20251.5
ELO,RandomSearch,6,3,8b,1e-06,0.02,400,21063.15694103241,71.07509,38.38384,85.74678,79.82474,77.85637,63.049118,79.82049,69.6,83.22581,43.49624,1254.9758,0.72375345,0.6804024,0.7079894,8507.9
ELO,RandomSearch,7,2,8b,2e-06,0.02,200,16692.955298280714,71.16041,37.878788,85.44352,79.72515,77.96518,62.357796,78.13563,71.6,87.33766,43.10038,1226.4381,0.74252415,0.85279983,0.7826244,4237.7
ELO,RandomSearch,8,2,14b,1e-06,0.01,600,30323.025280094145,72.8669,36.868687,91.357086,82.4537,78.50925,68.0801,76.699326,74.26667,86.60131,54.841022,1285.787,0.83932745,1.2500756,0.98869044,20312.8
ELO,RandomSearch,9,2,8b,1e-06,0.02,400,15548.08944544792,71.07509,38.38384,85.74678,79.82474,77.85637,63.049118,79.82049,69.6,83.22581,43.49624,1254.9758,0.72375345,0.6804024,0.7079894,8507.9
ELO,RandomSearch,10,1,8b,4e-06,0.01,400,8528.201677656172,73.63481,39.89899,89.461716,80.521805,75.51687,66.80005,76.452034,68.066666,87.08609,43.21869,1224.9589,0.7624777,0.71194535,0.7441023,8528.1
ELO,RandomSearch,11,1,14b,1e-06,0.02,400,13594.103727436064,71.75768,37.373737,91.43291,82.224655,79.10773,65.29052,77.523636,73.46667,81.9079,49.954933,1265.8021,0.84879744,0.84370786,0.84694666,13594.0
ELO,RandomSearch,12,0,14b,1e-06,0.04,600,20251.60178813934,72.1843,37.373737,90.59894,81.9757,79.651794,64.12944,78.37294,69.3,87.012985,41.15565,1232.0355,0.8329583,0.87229156,0.8472613,20251.5
ELO,RandomSearch,13,0,8b,1e-06,0.01,400,8503.801932430266,71.50171,38.38384,87.03563,80.30273,77.52992,63.918243,78.31548,75.13333,86.92811,50.0,1262.8969,0.7328495,1.0249617,0.8390721,8503.7
ELO,RandomSearch,14,0,14b,2e-06,0.04,200,6767.0018151760105,71.331055,36.868687,89.9166,82.03545,79.86942,62.660313,78.98243,67.13333,84.31373,41.638817,1232.137,0.8657634,0.6721739,0.79536724,6766.9
ELO,RandomSearch,15,1,8b,4e-06,0.01,400,8528.201474523543,73.63481,39.89899,89.461716,80.521805,75.51687,66.80005,76.452034,68.066666,87.08609,43.21869,1224.9589,0.7624777,0.71194535,0.7441023,8528.1
ELO,RandomSearch,16,0,14b,4e-06,0.02,200,6764.001678085328,72.61092,37.373737,91.43291,82.13503,78.23721,68.20614,78.7239,72.96667,83.552635,50.026516,1262.8114,0.92929727,0.9276821,0.92871,6763.9
ELO,RandomSearch,17,2,8b,1e-06,0.01,400,21058.955960845946,71.50171,38.38384,87.03563,80.30273,77.52992,63.918243,78.31548,75.13333,86.92811,50.0,1262.8969,0.7328495,1.0249617,0.8390721,8503.7
ELO,RandomSearch,18,0,8b,4e-06,0.02,200,4256.102094984055,71.92833,38.88889,86.50493,80.233025,77.910774,64.28033,78.08692,72.0,85.76159,41.394894,1237.6453,0.8198004,0.81409365,0.8177252,4256.0
ELO,RandomSearch,19,1,8b,2e-06,0.02,200,4237.802305316925,71.16041,37.878788,85.44352,79.72515,77.96518,62.357796,78.13563,71.6,87.33766,43.10038,1226.4381,0.74252415,0.85279983,0.7826244,4237.7
ELO,RandomSearch,20,0,8b,4e-06,0.01,400,8528.201538419722,73.63481,39.89899,89.461716,80.521805,75.51687,66.80005,76.452034,68.066666,87.08609,43.21869,1224.9589,0.7624777,0.71194535,0.7441023,8528.1
ELO,RandomSearch,21,2,4b,4e-06,0.04,200,15389.254735088349,69.79522,33.838383,69.21911,78.56005,78.726875,63.830074,71.74093,70.4,78.75817,30.636005,1128.614,0.5142483,0.36573517,0.46024352,2914.0
ELO,RandomSearch,22,2,14b,4e-06,0.02,200,16774.124646282195,72.61092,37.373737,91.43291,82.13503,78.23721,68.20614,78.7239,72.96667,83.552635,50.026516,1262.8114,0.92929727,0.9276821,0.92871,6763.9
ELO,RandomSearch,23,3,14b,2e-06,0.01,200,29344.778911447524,72.01365,36.868687,91.96361,82.23461,78.67247,66.43039,77.74721,76.9,85.80645,57.493683,1285.0702,0.89506,1.1885978,1.001801,6789.4
ELO,RandomSearch,24,3,4b,4e-06,0.02,200,12993.927185869215,69.88055,35.353535,81.12206,78.94842,78.618065,64.89841,71.93702,75.4,81.6129,37.829903,1116.9609,0.64650476,0.6260297,0.63905925,2913.7
ELO,TPE,0,4,8b,2e-06,0.02,200,33833.16519055367,71.16041,37.878788,85.44352,79.72515,77.96518,62.357796,78.13563,71.6,87.33766,43.10038,1226.4381,0.74252415,0.85279983,0.7826244,4237.7
ELO,TPE,1,6,14b,4e-06,0.01,200,31810.01081142425,74.06143,36.363636,90.59894,82.25453,77.14908,69.228386,79.03363,70.666664,86.451614,53.84435,1268.0673,0.897812,0.9996048,0.93482757,6759.6
ELO,TPE,2,2,14b,1e-06,0.04,600,30301.725633478163,72.1843,37.373737,90.59894,81.9757,79.651794,64.12944,78.37294,69.3,87.012985,41.15565,1232.0355,0.8329583,0.87229156,0.8472613,20251.5
ELO,TPE,3,0,8b,1e-06,0.02,400,8508.002724981307,71.07509,38.38384,85.74678,79.82474,77.85637,63.049118,79.82049,69.6,83.22581,43.49624,1254.9758,0.72375345,0.6804024,0.7079894,8507.9
ELO,TPE,4,0,14b,2e-06,0.04,200,6767.001780843735,71.331055,36.868687,89.9166,82.03545,79.86942,62.660313,78.98243,67.13333,84.31373,41.638817,1232.137,0.8657634,0.6721739,0.79536724,6766.9
ELO,TPE,5,0,8b,2e-06,0.04,400,8524.802337265013,71.75768,39.39394,86.884,79.764984,77.63874,63.815445,79.181015,67.8,79.545456,36.454247,1205.6589,0.7618713,0.38395905,0.62444866,8524.7
ELO,TPE,6,0,14b,1e-06,0.02,400,13594.101995801924,71.75768,37.373737,91.43291,82.224655,79.10773,65.29052,77.523636,73.46667,81.9079,49.954933,1265.8021,0.84879744,0.84370786,0.84694666,13594.0
ELO,TPE,7,0,8b,1e-06,0.04,800,17063.300982809065,71.672356,39.89899,86.732376,79.65545,78.29162,63.274734,79.67061,70.1,84.31373,33.04767,1195.4678,0.75985557,0.75985825,0.7598565,17063.2
ELO,TPE,8,0,14b,1e-06,0.04,600,20251.602059698103,72.1843,37.373737,90.59894,81.9757,79.651794,64.12944,78.37294,69.3,87.012985,41.15565,1232.0355,0.8329583,0.87229156,0.8472613,20251.5
ELO,TPE,9,4,14b,4e-06,0.02,200,26904.25065979957,72.61092,37.373737,91.43291,82.13503,78.23721,68.20614,78.7239,72.96667,83.552635,50.026516,1262.8114,0.92929727,0.9276821,0.92871,6763.9
ELO,TPE,10,3,14b,2e-06,0.01,200,33719.831143474585,72.01365,36.868687,91.96361,82.23461,78.67247,66.43039,77.74721,76.9,85.80645,57.493683,1285.0702,0.89506,1.1885978,1.001801,6789.4
ELO,TPE,11,3,14b,1e-06,0.01,400,26082.156592702864,72.35495,36.868687,92.191055,82.20474,78.726875,66.98725,77.646034,76.566666,88.3871,55.30741,1276.745,0.8597641,1.1891431,0.97953826,13541.9
ELO,TPE,12,2,14b,1e-06,0.01,600,27352.989506340025,72.8669,36.868687,91.357086,82.4537,78.50925,68.0801,76.699326,74.26667,86.60131,54.841022,1285.787,0.83932745,1.2500756,0.98869044,20312.8
ELO,TPE,13,0,14b,4e-06,0.04,400,13505.302495813368,72.35495,34.343433,89.08264,82.32424,79.10773,68.15405,76.56319,63.166668,82.35294,40.89071,1210.4487,0.8049444,0.40437394,0.65928245,13505.2
ELO,TPE,14,1,14b,4e-06,0.02,200,6764.00201997757,72.61092,37.373737,91.43291,82.13503,78.23721,68.20614,78.7239,72.96667,83.552635,50.026516,1262.8114,0.92929727,0.9276821,0.92871,6763.9
ELO,TPE,15,3,8b,1e-06,0.02,400,21973.1677986145,71.07509,38.38384,85.74678,79.82474,77.85637,63.049118,79.82049,69.6,83.22581,43.49624,1254.9758,0.72375345,0.6804024,0.7079894,8507.9
ELO,TPE,16,1,14b,4e-06,0.02,200,6764.002489423752,72.61092,37.373737,91.43291,82.13503,78.23721,68.20614,78.7239,72.96667,83.552635,50.026516,1262.8114,0.92929727,0.9276821,0.92871,6763.9
ELO,TPE,17,0,8b,4e-06,0.04,200,1325.9019351959228,71.58703,39.39394,86.27748,79.994026,77.693146,63.703495,78.71265,70.2,81.818184,37.30453,1206.29,0.8091844,0.59860915,0.7326116,1325.8
ELO,TPE,18,0,8b,4e-06,0.01,400,8528.201685523985,73.63481,39.89899,89.461716,80.521805,75.51687,66.80005,76.452034,68.066666,87.08609,43.21869,1224.9589,0.7624777,0.71194535,0.7441023,8528.1
ELO,TPE,19,3,8b,2e-06,0.02,200,16712.95568642616,71.16041,37.878788,85.44352,79.72515,77.96518,62.357796,78.13563,71.6,87.33766,43.10038,1226.4381,0.74252415,0.85279983,0.7826244,4237.7
ELO,TPE,20,2,14b,1e-06,0.04,600,30311.72573766708,72.1843,37.373737,90.59894,81.9757,79.651794,64.12944,78.37294,69.3,87.012985,41.15565,1232.0355,0.8329583,0.87229156,0.8472613,20251.5
ELO,TPE,21,0,14b,4e-06,0.01,200,6759.702150201798,74.06143,36.363636,90.59894,82.25453,77.14908,69.228386,79.03363,70.666664,86.451614,53.84435,1268.0673,0.897812,0.9996048,0.93482757,6759.6
ELO,TPE,22,2,8b,2e-06,0.02,200,14267.925478315352,71.16041,37.878788,85.44352,79.72515,77.96518,62.357796,78.13563,71.6,87.33766,43.10038,1226.4381,0.74252415,0.85279983,0.7826244,4237.7
ELO,TPE,23,0,14b,4e-06,0.02,200,6764.001931762696,72.61092,37.373737,91.43291,82.13503,78.23721,68.20614,78.7239,72.96667,83.552635,50.026516,1262.8114,0.92929727,0.9276821,0.92871,6763.9
ELO,TPE,24,4,8b,4e-06,0.04,200,23846.179304695128,71.58703,39.39394,86.27748,79.994026,77.693146,63.703495,78.71265,70.2,81.818184,37.30453,1206.29,0.8091844,0.59860915,0.7326116,1325.8
Z-All,ASHA,0,0,14b,2e-06,0.01,200,6789.501941776276,72.01365,36.868687,91.96361,82.23461,78.67247,66.43039,77.74721,76.9,85.80645,57.493683,1285.0702,0.89506,1.1885978,1.001801,6789.4
Z-All,ASHA,1,3,14b,4e-06,0.02,200,20224.273586608884,72.61092,37.373737,91.43291,82.13503,78.23721,68.20614,78.7239,72.96667,83.552635,50.026516,1262.8114,0.92929727,0.9276821,0.92871,6763.9
Z-All,ASHA,2,3,4b,1e-06,0.01,1000,31531.913871860503,70.904434,37.373737,87.94541,79.715195,79.21654,65.734184,78.6502,77.066666,83.557045,41.14731,1150.5564,0.764374,1.159627,0.9081024,14511.6
Z-All,ASHA,3,1,8b,1e-06,0.01,1400,29762.90299973488,72.44027,40.40404,88.62775,80.73093,77.14908,65.709946,78.038216,70.46667,81.37255,45.342472,1218.8317,0.8091062,1.0181015,0.8851045,29762.8
Z-All,ASHA,4,3,14b,2e-06,0.04,200,26297.254609203337,71.331055,36.868687,89.9166,82.03545,79.86942,62.660313,78.98243,67.13333,84.31373,41.638817,1232.137,0.8657634,0.6721739,0.79536724,6766.9
Z-All,ASHA,5,2,14b,4e-06,0.01,200,16739.827788209914,74.06143,36.363636,90.59894,82.25453,77.14908,69.228386,79.03363,70.666664,86.451614,53.84435,1268.0673,0.897812,0.9996048,0.93482757,6759.6
Z-All,ASHA,6,0,4b,2e-06,0.01,600,2063.9022601604465,71.58703,37.373737,89.53753,80.34256,79.05332,66.72491,79.79301,77.6,83.22369,42.558533,1159.0001,0.8188028,0.9178359,0.8548148,2063.8
Z-All,ASHA,7,1,8b,1e-06,0.02,1000,21269.90281615257,71.843,39.89899,86.656555,79.92432,77.801956,64.51697,78.45162,68.333336,85.031845,39.921753,1217.537,0.75047725,0.9989319,0.8408244,21269.8
Z-All,ASHA,8,0,8b,1e-06,0.02,1000,21269.902769899367,71.843,39.89899,86.656555,79.92432,77.801956,64.51697,78.45162,68.333336,85.031845,39.921753,1217.537,0.75047725,0.9989319,0.8408244,21269.8
Z-All,ASHA,9,0,14b,4e-06,0.02,200,6764.002348279953,72.61092,37.373737,91.43291,82.13503,78.23721,68.20614,78.7239,72.96667,83.552635,50.026516,1262.8114,0.92929727,0.9276821,0.92871,6763.9
Z-All,ASHA,10,5,14b,2e-06,0.04,200,30462.39649996948,71.331055,36.868687,89.9166,82.03545,79.86942,62.660313,78.98243,67.13333,84.31373,41.638817,1232.137,0.8657634,0.6721739,0.79536724,6766.9
Z-All,ASHA,11,4,14b,2e-06,0.01,200,22219.89605317497,72.01365,36.868687,91.96361,82.23461,78.67247,66.43039,77.74721,76.9,85.80645,57.493683,1285.0702,0.89506,1.1885978,1.001801,6789.4
Z-All,ASHA,12,3,14b,2e-06,0.02,200,20261.070078470228,71.672356,37.373737,91.12965,82.274445,79.434166,65.073105,78.32922,72.066666,84.09091,51.98968,1262.9352,0.9103049,0.94679034,0.9235723,6745.7
Z-All,ASHA,13,2,14b,2e-06,0.01,200,16869.625669336318,72.01365,36.868687,91.96361,82.23461,78.67247,66.43039,77.74721,76.9,85.80645,57.493683,1285.0702,0.89506,1.1885978,1.001801,6789.4
Z-All,ASHA,14,2,14b,4e-06,0.01,200,19264.85623464584,74.06143,36.363636,90.59894,82.25453,77.14908,69.228386,79.03363,70.666664,86.451614,53.84435,1268.0673,0.897812,0.9996048,0.93482757,6759.6
Z-All,ASHA,15,3,4b,1e-06,0.02,400,15814.92692170143,69.7099,35.858585,86.125854,78.56005,78.40044,64.35173,78.14687,81.066666,88.63636,37.674797,1177.7887,0.65883934,0.9739197,0.773414,5804.7
Z-All,ASHA,16,2,14b,2e-06,0.01,200,19264.655354118346,72.01365,36.868687,91.96361,82.23461,78.67247,66.43039,77.74721,76.9,85.80645,57.493683,1285.0702,0.89506,1.1885978,1.001801,6789.4
Z-All,ASHA,17,2,14b,1e-06,0.01,400,26017.156641578676,72.35495,36.868687,92.191055,82.20474,78.726875,66.98725,77.646034,76.566666,88.3871,55.30741,1276.745,0.8597641,1.1891431,0.97953826,13541.9
Z-All,ASHA,18,2,4b,1e-06,0.01,1000,27016.85680351257,70.904434,37.373737,87.94541,79.715195,79.21654,65.734184,78.6502,77.066666,83.557045,41.14731,1150.5564,0.764374,1.159627,0.9081024,14511.6
Z-All,ASHA,19,0,4b,1e-06,0.01,2000,29023.40320715904,71.16041,36.868687,88.62775,79.93427,79.16213,65.16915,77.76843,76.73333,83.333336,39.520733,1157.1019,0.7696911,1.1580718,0.91092044,29023.3
Z-All,ASHA,20,1,4b,2e-06,0.01,600,2063.9038098812107,71.58703,37.373737,89.53753,80.34256,79.05332,66.72491,79.79301,77.6,83.22369,42.558533,1159.0001,0.8188028,0.9178359,0.8548148,2063.8
Z-All,ASHA,21,4,14b,2e-06,0.02,200,31811.114059543608,71.672356,37.373737,91.12965,82.274445,79.434166,65.073105,78.32922,72.066666,84.09091,51.98968,1262.9352,0.9103049,0.94679034,0.9235723,6745.7
Z-All,ASHA,22,0,14b,1e-06,0.01,600,20312.90497670173,72.8669,36.868687,91.357086,82.4537,78.50925,68.0801,76.699326,74.26667,86.60131,54.841022,1285.787,0.83932745,1.2500756,0.98869044,20312.8
Z-All,ASHA,23,2,14b,4e-06,0.02,200,19289.15592536926,72.61092,37.373737,91.43291,82.13503,78.23721,68.20614,78.7239,72.96667,83.552635,50.026516,1262.8114,0.92929727,0.9276821,0.92871,6763.9
Z-All,ASHA,24,0,4b,1e-06,0.02,1800,26121.102257347105,70.64846,37.878788,83.24488,79.29695,79.21654,65.78827,77.705986,72.566666,83.333336,36.08847,1127.4045,0.7448709,0.8688402,0.78995067,26121.0
Z-All,BOHB,0,0,14b,2e-06,0.01,200,6789.501785850525,72.01365,36.868687,91.96361,82.23461,78.67247,66.43039,77.74721,76.9,85.80645,57.493683,1285.0702,0.89506,1.1885978,1.001801,6789.4
Z-All,BOHB,1,3,14b,4e-06,0.02,200,20224.269572355268,72.61092,37.373737,91.43291,82.13503,78.23721,68.20614,78.7239,72.96667,83.552635,50.026516,1262.8114,0.92929727,0.9276821,0.92871,6763.9
Z-All,BOHB,2,3,4b,1e-06,0.01,1000,31531.91300210953,70.904434,37.373737,87.94541,79.715195,79.21654,65.734184,78.6502,77.066666,83.557045,41.14731,1150.5564,0.764374,1.159627,0.9081024,14511.6
Z-All,BOHB,3,1,8b,1e-06,0.01,1400,29762.9032681942,72.44027,40.40404,88.62775,80.73093,77.14908,65.709946,78.038216,70.46667,81.37255,45.342472,1218.8317,0.8091062,1.0181015,0.8851045,29762.8
Z-All,BOHB,4,3,14b,2e-06,0.04,200,26297.247567749026,71.331055,36.868687,89.9166,82.03545,79.86942,62.660313,78.98243,67.13333,84.31373,41.638817,1232.137,0.8657634,0.6721739,0.79536724,6766.9
Z-All,BOHB,5,2,14b,4e-06,0.01,200,16739.825465297698,74.06143,36.363636,90.59894,82.25453,77.14908,69.228386,79.03363,70.666664,86.451614,53.84435,1268.0673,0.897812,0.9996048,0.93482757,6759.6
Z-All,BOHB,6,6,14b,4e-06,0.01,200,21730.09298096085,74.06143,36.363636,90.59894,82.25453,77.14908,69.228386,79.03363,70.666664,86.451614,53.84435,1268.0673,0.897812,0.9996048,0.93482757,6759.6
Z-All,BOHB,7,1,8b,1e-06,0.02,1000,21269.90286860466,71.843,39.89899,86.656555,79.92432,77.801956,64.51697,78.45162,68.333336,85.031845,39.921753,1217.537,0.75047725,0.9989319,0.8408244,21269.8
Z-All,BOHB,8,0,8b,1e-06,0.02,1000,21269.90286502838,71.843,39.89899,86.656555,79.92432,77.801956,64.51697,78.45162,68.333336,85.031845,39.921753,1217.537,0.75047725,0.9989319,0.8408244,21269.8
Z-All,BOHB,9,0,14b,4e-06,0.02,200,6764.005112981797,72.61092,37.373737,91.43291,82.13503,78.23721,68.20614,78.7239,72.96667,83.552635,50.026516,1262.8114,0.92929727,0.9276821,0.92871,6763.9
Z-All,BOHB,10,6,8b,1e-06,0.01,400,33184.3126619854,71.50171,38.38384,87.03563,80.30273,77.52992,63.918243,78.31548,75.13333,86.92811,50.0,1262.8969,0.7328495,1.0249617,0.8390721,8503.7
Z-All,BOHB,11,4,14b,2e-06,0.01,200,22219.899111131665,72.01365,36.868687,91.96361,82.23461,78.67247,66.43039,77.74721,76.9,85.80645,57.493683,1285.0702,0.89506,1.1885978,1.001801,6789.4
Z-All,BOHB,12,3,14b,2e-06,0.02,200,20261.070320226667,71.672356,37.373737,91.12965,82.274445,79.434166,65.073105,78.32922,72.066666,84.09091,51.98968,1262.9352,0.9103049,0.94679034,0.9235723,6745.7
Z-All,BOHB,13,2,14b,2e-06,0.01,200,16869.627240037917,72.01365,36.868687,91.96361,82.23461,78.67247,66.43039,77.74721,76.9,85.80645,57.493683,1285.0702,0.89506,1.1885978,1.001801,6789.4
Z-All,BOHB,14,2,14b,4e-06,0.01,200,19264.857959365843,74.06143,36.363636,90.59894,82.25453,77.14908,69.228386,79.03363,70.666664,86.451614,53.84435,1268.0673,0.897812,0.9996048,0.93482757,6759.6
Z-All,BOHB,15,3,4b,1e-06,0.02,400,15814.926948881148,69.7099,35.858585,86.125854,78.56005,78.40044,64.35173,78.14687,81.066666,88.63636,37.674797,1177.7887,0.65883934,0.9739197,0.773414,5804.7
Z-All,BOHB,16,2,14b,2e-06,0.01,200,19264.656766748427,72.01365,36.868687,91.96361,82.23461,78.67247,66.43039,77.74721,76.9,85.80645,57.493683,1285.0702,0.89506,1.1885978,1.001801,6789.4
Z-All,BOHB,17,2,14b,1e-06,0.01,600,32788.05686984063,72.8669,36.868687,91.357086,82.4537,78.50925,68.0801,76.699326,74.26667,86.60131,54.841022,1285.787,0.83932745,1.2500756,0.98869044,20312.8
Z-All,BOHB,18,2,4b,1e-06,0.01,1000,27016.857348537444,70.904434,37.373737,87.94541,79.715195,79.21654,65.734184,78.6502,77.066666,83.557045,41.14731,1150.5564,0.764374,1.159627,0.9081024,14511.6
Z-All,BOHB,19,0,4b,1e-06,0.01,2000,29023.402634239195,71.16041,36.868687,88.62775,79.93427,79.16213,65.16915,77.76843,76.73333,83.333336,39.520733,1157.1019,0.7696911,1.1580718,0.91092044,29023.3
Z-All,BOHB,20,6,14b,4e-06,0.02,200,17809.54771099853,72.61092,37.373737,91.43291,82.13503,78.23721,68.20614,78.7239,72.96667,83.552635,50.026516,1262.8114,0.92929727,0.9276821,0.92871,6763.9
Z-All,BOHB,21,4,14b,2e-06,0.02,200,31811.114882564543,71.672356,37.373737,91.12965,82.274445,79.434166,65.073105,78.32922,72.066666,84.09091,51.98968,1262.9352,0.9103049,0.94679034,0.9235723,6745.7
Z-All,BOHB,22,0,14b,1e-06,0.01,600,20312.902628755568,72.8669,36.868687,91.357086,82.4537,78.50925,68.0801,76.699326,74.26667,86.60131,54.841022,1285.787,0.83932745,1.2500756,0.98869044,20312.8
Z-All,BOHB,23,2,14b,4e-06,0.02,200,19289.15648970604,72.61092,37.373737,91.43291,82.13503,78.23721,68.20614,78.7239,72.96667,83.552635,50.026516,1262.8114,0.92929727,0.9276821,0.92871,6763.9
Z-All,BOHB,24,0,4b,1e-06,0.02,1800,26121.102178192137,70.64846,37.878788,83.24488,79.29695,79.21654,65.78827,77.705986,72.566666,83.333336,36.08847,1127.4045,0.7448709,0.8688402,0.78995067,26121.0
Z-All,BOTorch,0,1,8b,1e-06,0.01,1400,29762.90485701561,72.44027,40.40404,88.62775,80.73093,77.14908,65.709946,78.038216,70.46667,81.37255,45.342472,1218.8317,0.8091062,1.0181015,0.8851045,29762.8
Z-All,BOTorch,1,3,1.7b,4e-06,0.04,2000,24850.956930494307,59.215015,22.222221,56.178925,69.44832,76.33297,51.61165,51.62757,70.333336,84.0136,19.516336,957.67487,-0.63629156,0.43162012,-0.24796003,12310.7
Z-All,BOTorch,2,0,4b,2e-06,0.02,200,693.0029066562652,68.686005,36.868687,89.158455,78.3808,78.56366,63.142937,75.42039,80.76667,87.0,36.82783,1189.3018,0.7036604,0.92452455,0.78397465,692.9
Z-All,BOTorch,3,3,4b,2e-06,0.04,200,13243.356695747374,68.34471,35.858585,89.08264,78.00239,78.34603,62.65436,76.79673,76.46667,83.333336,30.749954,1171.565,0.66201943,0.64700025,0.6565579,688.1
Z-All,BOTorch,4,2,14b,2e-06,0.02,200,16755.92562112808,71.672356,37.373737,91.12965,82.274445,79.434166,65.073105,78.32922,72.066666,84.09091,51.98968,1262.9352,0.9103049,0.94679034,0.9235723,6745.7
Z-All,BOTorch,5,0,8b,1e-06,0.04,800,17063.301756715773,71.672356,39.89899,86.732376,79.65545,78.29162,63.274734,79.67061,70.1,84.31373,33.04767,1195.4678,0.75985557,0.75985825,0.7598565,17063.2
Z-All,BOTorch,6,0,14b,1e-06,0.02,1000,33985.10554370881,72.01365,35.353535,90.826385,82.20474,78.99891,66.906044,79.395836,71.066666,80.76923,48.744377,1240.5292,0.80323,1.1037828,0.9125219,33985.0
Z-All,BOTorch,7,1,14b,2e-06,0.01,200,6789.502533769608,72.01365,36.868687,91.96361,82.23461,78.67247,66.43039,77.74721,76.9,85.80645,57.493683,1285.0702,0.89506,1.1885978,1.001801,6789.4
Z-All,BOTorch,8,0,8b,1e-06,0.02,1000,21269.902983045577,71.843,39.89899,86.656555,79.92432,77.801956,64.51697,78.45162,68.333336,85.031845,39.921753,1217.537,0.75047725,0.9989319,0.8408244,21269.8
Z-All,BOTorch,9,1,8b,1e-06,0.02,1000,21269.903380727766,71.843,39.89899,86.656555,79.92432,77.801956,64.51697,78.45162,68.333336,85.031845,39.921753,1217.537,0.75047725,0.9989319,0.8408244,21269.8
Z-All,BOTorch,10,0,14b,4e-06,0.01,200,6759.701962804795,74.06143,36.363636,90.59894,82.25453,77.14908,69.228386,79.03363,70.666664,86.451614,53.84435,1268.0673,0.897812,0.9996048,0.93482757,6759.6
Z-All,BOTorch,11,3,14b,1e-06,0.01,600,30363.026724433897,72.8669,36.868687,91.357086,82.4537,78.50925,68.0801,76.699326,74.26667,86.60131,54.841022,1285.787,0.83932745,1.2500756,0.98869044,20312.8
Z-All,BOTorch,12,1,14b,4e-06,0.01,200,6759.703075504303,74.06143,36.363636,90.59894,82.25453,77.14908,69.228386,79.03363,70.666664,86.451614,53.84435,1268.0673,0.897812,0.9996048,0.93482757,6759.6
Z-All,BOTorch,13,1,8b,1e-06,0.02,1000,21269.90311655998,71.843,39.89899,86.656555,79.92432,77.801956,64.51697,78.45162,68.333336,85.031845,39.921753,1217.537,0.75047725,0.9989319,0.8408244,21269.8
Z-All,BOTorch,14,3,8b,2e-06,0.01,200,14339.828821992873,70.819115,38.38384,86.353294,80.233025,77.85637,63.270527,78.69641,77.73333,84.83871,47.87344,1242.7335,0.7766102,1.0122542,0.86229897,4259.6
Z-All,BOTorch,15,2,4b,1e-06,0.01,1000,21551.790279483797,70.904434,37.373737,87.94541,79.715195,79.21654,65.734184,78.6502,77.066666,83.557045,41.14731,1150.5564,0.764374,1.159627,0.9081024,14511.6
Z-All,BOTorch,16,1,14b,1e-06,0.04,600,20251.602626895903,72.1843,37.373737,90.59894,81.9757,79.651794,64.12944,78.37294,69.3,87.012985,41.15565,1232.0355,0.8329583,0.87229156,0.8472613,20251.5
Z-All,BOTorch,17,1,14b,1e-06,0.04,600,20251.602167224883,72.1843,37.373737,90.59894,81.9757,79.651794,64.12944,78.37294,69.3,87.012985,41.15565,1232.0355,0.8329583,0.87229156,0.8472613,20251.5
Z-All,BOTorch,18,0,4b,1e-06,0.01,2000,29023.403122043608,71.16041,36.868687,88.62775,79.93427,79.16213,65.16915,77.76843,76.73333,83.333336,39.520733,1157.1019,0.7696911,1.1580718,0.91092044,29023.3
Z-All,BOTorch,19,0,4b,4e-06,0.01,200,369.502186870575,70.47781,33.838383,85.74678,79.715195,78.34603,68.34778,74.34252,79.433334,82.781456,44.243477,1192.2385,0.7189347,0.90341556,0.78601867,369.4
Z-All,BOTorch,20,1,14b,2e-06,0.02,200,6745.802653169632,71.672356,37.373737,91.12965,82.274445,79.434166,65.073105,78.32922,72.066666,84.09091,51.98968,1262.9352,0.9103049,0.94679034,0.9235723,6745.7
Z-All,BOTorch,21,0,14b,4e-06,0.01,200,6759.702281332016,74.06143,36.363636,90.59894,82.25453,77.14908,69.228386,79.03363,70.666664,86.451614,53.84435,1268.0673,0.897812,0.9996048,0.93482757,6759.6
Z-All,BOTorch,22,1,4b,4e-06,0.01,200,369.501887178421,70.47781,33.838383,85.74678,79.715195,78.34603,68.34778,74.34252,79.433334,82.781456,44.243477,1192.2385,0.7189347,0.90341556,0.78601867,369.4
Z-All,BOTorch,23,1,14b,1e-06,0.02,1000,33985.10196862221,72.01365,35.353535,90.826385,82.20474,78.99891,66.906044,79.395836,71.066666,80.76923,48.744377,1240.5292,0.80323,1.1037828,0.9125219,33985.0
Z-All,BOTorch,24,0,14b,2e-06,0.01,200,6789.502266740799,72.01365,36.868687,91.96361,82.23461,78.67247,66.43039,77.74721,76.9,85.80645,57.493683,1285.0702,0.89506,1.1885978,1.001801,6789.4
Z-All,CQR,0,0,14b,2e-06,0.01,200,6789.502091979981,72.01365,36.868687,91.96361,82.23461,78.67247,66.43039,77.74721,76.9,85.80645,57.493683,1285.0702,0.89506,1.1885978,1.001801,6789.4
Z-All,CQR,1,3,14b,4e-06,0.02,200,29219.280560112,72.61092,37.373737,91.43291,82.13503,78.23721,68.20614,78.7239,72.96667,83.552635,50.026516,1262.8114,0.92929727,0.9276821,0.92871,6763.9
Z-All,CQR,2,3,4b,1e-06,0.01,1000,31531.91055045128,70.904434,37.373737,87.94541,79.715195,79.21654,65.734184,78.6502,77.066666,83.557045,41.14731,1150.5564,0.764374,1.159627,0.9081024,14511.6
Z-All,CQR,3,1,8b,1e-06,0.01,1400,29762.903263902663,72.44027,40.40404,88.62775,80.73093,77.14908,65.709946,78.038216,70.46667,81.37255,45.342472,1218.8317,0.8091062,1.0181015,0.8851045,29762.8
Z-All,CQR,4,3,14b,2e-06,0.04,200,26297.24256453514,71.331055,36.868687,89.9166,82.03545,79.86942,62.660313,78.98243,67.13333,84.31373,41.638817,1232.137,0.8657634,0.6721739,0.79536724,6766.9
Z-All,CQR,5,2,14b,4e-06,0.01,200,16739.8256963253,74.06143,36.363636,90.59894,82.25453,77.14908,69.228386,79.03363,70.666664,86.451614,53.84435,1268.0673,0.897812,0.9996048,0.93482757,6759.6
Z-All,CQR,6,5,14b,2e-06,0.01,200,26319.74150714874,72.01365,36.868687,91.96361,82.23461,78.67247,66.43039,77.74721,76.9,85.80645,57.493683,1285.0702,0.89506,1.1885978,1.001801,6789.4
Z-All,CQR,7,1,8b,1e-06,0.02,1000,21269.903369045256,71.843,39.89899,86.656555,79.92432,77.801956,64.51697,78.45162,68.333336,85.031845,39.921753,1217.537,0.75047725,0.9989319,0.8408244,21269.8
Z-All,CQR,8,0,8b,1e-06,0.02,1000,21269.90290722847,71.843,39.89899,86.656555,79.92432,77.801956,64.51697,78.45162,68.333336,85.031845,39.921753,1217.537,0.75047725,0.9989319,0.8408244,21269.8
Z-All,CQR,9,0,14b,4e-06,0.02,200,6764.001719331742,72.61092,37.373737,91.43291,82.13503,78.23721,68.20614,78.7239,72.96667,83.552635,50.026516,1262.8114,0.92929727,0.9276821,0.92871,6763.9
Z-All,CQR,10,3,1.7b,4e-06,0.01,2031,24997.255377388,59.215015,21.717173,56.027294,69.67735,75.952126,50.902428,51.090496,76.2,85.37415,22.314627,977.7758,-0.673979,0.7252726,-0.16516022,12522.0
Z-All,CQR,11,1,14b,2e-06,0.04,200,6767.003113365174,71.331055,36.868687,89.9166,82.03545,79.86942,62.660313,78.98243,67.13333,84.31373,41.638817,1232.137,0.8657634,0.6721739,0.79536724,6766.9
Z-All,CQR,12,3,14b,2e-06,0.02,200,29301.08281049728,71.672356,37.373737,91.12965,82.274445,79.434166,65.073105,78.32922,72.066666,84.09091,51.98968,1262.9352,0.9103049,0.94679034,0.9235723,6745.7
Z-All,CQR,13,2,14b,2e-06,0.01,200,16869.62618265152,72.01365,36.868687,91.96361,82.23461,78.67247,66.43039,77.74721,76.9,85.80645,57.493683,1285.0702,0.89506,1.1885978,1.001801,6789.4
Z-All,CQR,14,2,14b,4e-06,0.01,200,19264.857745504378,74.06143,36.363636,90.59894,82.25453,77.14908,69.228386,79.03363,70.666664,86.451614,53.84435,1268.0673,0.897812,0.9996048,0.93482757,6759.6
Z-All,CQR,15,3,4b,1e-06,0.02,400,15814.925769901274,69.7099,35.858585,86.125854,78.56005,78.40044,64.35173,78.14687,81.066666,88.63636,37.674797,1177.7887,0.65883934,0.9739197,0.773414,5804.7
Z-All,CQR,16,2,14b,2e-06,0.01,200,19264.65489492416,72.01365,36.868687,91.96361,82.23461,78.67247,66.43039,77.74721,76.9,85.80645,57.493683,1285.0702,0.89506,1.1885978,1.001801,6789.4
Z-All,CQR,17,2,14b,1e-06,0.01,400,26017.157739973067,72.35495,36.868687,92.191055,82.20474,78.726875,66.98725,77.646034,76.566666,88.3871,55.30741,1276.745,0.8597641,1.1891431,0.97953826,13541.9
Z-All,CQR,18,2,4b,1e-06,0.01,1000,27016.858147001265,70.904434,37.373737,87.94541,79.715195,79.21654,65.734184,78.6502,77.066666,83.557045,41.14731,1150.5564,0.764374,1.159627,0.9081024,14511.6
Z-All,CQR,19,0,4b,1e-06,0.01,2000,29023.403108930583,71.16041,36.868687,88.62775,79.93427,79.16213,65.16915,77.76843,76.73333,83.333336,39.520733,1157.1019,0.7696911,1.1580718,0.91092044,29023.3
Z-All,CQR,20,1,4b,2e-06,0.01,600,2063.9021056652077,71.58703,37.373737,89.53753,80.34256,79.05332,66.72491,79.79301,77.6,83.22369,42.558533,1159.0001,0.8188028,0.9178359,0.8548148,2063.8
Z-All,CQR,21,4,14b,2e-06,0.02,200,31811.113399362563,71.672356,37.373737,91.12965,82.274445,79.434166,65.073105,78.32922,72.066666,84.09091,51.98968,1262.9352,0.9103049,0.94679034,0.9235723,6745.7
Z-All,CQR,22,0,14b,1e-06,0.01,600,20312.90290341377,72.8669,36.868687,91.357086,82.4537,78.50925,68.0801,76.699326,74.26667,86.60131,54.841022,1285.787,0.83932745,1.2500756,0.98869044,20312.8
Z-All,CQR,23,2,14b,4e-06,0.02,200,19289.156863069533,72.61092,37.373737,91.43291,82.13503,78.23721,68.20614,78.7239,72.96667,83.552635,50.026516,1262.8114,0.92929727,0.9276821,0.92871,6763.9
Z-All,CQR,24,0,4b,1e-06,0.02,1800,26121.102314329142,70.64846,37.878788,83.24488,79.29695,79.21654,65.78827,77.705986,72.566666,83.333336,36.08847,1127.4045,0.7448709,0.8688402,0.78995067,26121.0
Z-All,RandomSearch,0,0,4b,1e-06,0.04,200,2902.401661252976,66.894196,35.353535,87.26308,77.534355,78.34603,59.770714,71.84958,82.066666,82.432434,31.489351,1189.4938,0.52987105,0.7777632,0.62001365,2902.3
Z-All,RandomSearch,1,1,8b,2e-06,0.01,200,4259.702799415589,70.819115,38.38384,86.353294,80.233025,77.85637,63.270527,78.69641,77.73333,84.83871,47.87344,1242.7335,0.7766102,1.0122542,0.86229897,4259.6
Z-All,RandomSearch,2,4,14b,4e-06,0.02,200,29329.28003988266,72.61092,37.373737,91.43291,82.13503,78.23721,68.20614,78.7239,72.96667,83.552635,50.026516,1262.8114,0.92929727,0.9276821,0.92871,6763.9
Z-All,RandomSearch,3,2,14b,4e-06,0.01,200,16789.825131988524,74.06143,36.363636,90.59894,82.25453,77.14908,69.228386,79.03363,70.666664,86.451614,53.84435,1268.0673,0.897812,0.9996048,0.93482757,6759.6
Z-All,RandomSearch,4,3,14b,2e-06,0.02,200,26766.047955846785,71.672356,37.373737,91.12965,82.274445,79.434166,65.073105,78.32922,72.066666,84.09091,51.98968,1262.9352,0.9103049,0.94679034,0.9235723,6745.7
Z-All,RandomSearch,5,1,4b,1e-06,0.01,2000,29023.402454471587,71.16041,36.868687,88.62775,79.93427,79.16213,65.16915,77.76843,76.73333,83.333336,39.520733,1157.1019,0.7696911,1.1580718,0.91092044,29023.3
Z-All,RandomSearch,6,1,8b,4e-06,0.02,200,4256.1032014846805,71.92833,38.88889,86.50493,80.233025,77.910774,64.28033,78.08692,72.0,85.76159,41.394894,1237.6453,0.8198004,0.81409365,0.8177252,4256.0
Z-All,RandomSearch,7,3,14b,1e-06,0.02,400,27059.26748690605,71.75768,37.373737,91.43291,82.224655,79.10773,65.29052,77.523636,73.46667,81.9079,49.954933,1265.8021,0.84879744,0.84370786,0.84694666,13594.0
Z-All,RandomSearch,8,2,8b,1e-06,0.04,800,27143.42908129692,71.672356,39.89899,86.732376,79.65545,78.29162,63.274734,79.67061,70.1,84.31373,33.04767,1195.4678,0.75985557,0.75985825,0.7598565,17063.2
Z-All,RandomSearch,9,2,14b,2e-06,0.02,200,16795.92971382141,71.672356,37.373737,91.12965,82.274445,79.434166,65.073105,78.32922,72.066666,84.09091,51.98968,1262.9352,0.9103049,0.94679034,0.9235723,6745.7
Z-All,RandomSearch,10,0,4b,4e-06,0.01,200,369.50290379524233,70.47781,33.838383,85.74678,79.715195,78.34603,68.34778,74.34252,79.433334,82.781456,44.243477,1192.2385,0.7189347,0.90341556,0.78601867,369.4
Z-All,RandomSearch,11,2,14b,1e-06,0.02,600,30451.226364707945,71.843,36.868687,92.26687,82.11512,79.37976,66.24594,77.27884,73.1,79.03226,50.51662,1256.9156,0.8413252,0.87421554,0.8532854,20391.0
Z-All,RandomSearch,12,2,14b,2e-06,0.02,200,19220.95598349571,71.672356,37.373737,91.12965,82.274445,79.434166,65.073105,78.32922,72.066666,84.09091,51.98968,1262.9352,0.9103049,0.94679034,0.9235723,6745.7
Z-All,RandomSearch,13,4,4b,1e-06,0.01,600,28667.3481572628,70.73379,38.88889,84.00303,79.45628,78.8901,65.39375,79.46953,79.13333,84.31373,40.73275,1171.577,0.76054484,0.98442996,0.8419576,8707.0
Z-All,RandomSearch,14,7,4b,4e-06,0.01,200,29944.866583442687,70.47781,33.838383,85.74678,79.715195,78.34603,68.34778,74.34252,79.433334,82.781456,44.243477,1192.2385,0.7189347,0.90341556,0.78601867,369.4
Z-All,RandomSearch,15,0,8b,1e-06,0.01,1400,29762.906738376616,72.44027,40.40404,88.62775,80.73093,77.14908,65.709946,78.038216,70.46667,81.37255,45.342472,1218.8317,0.8091062,1.0181015,0.8851045,29762.8
Z-All,RandomSearch,16,3,14b,2e-06,0.02,200,19220.95617661476,71.672356,37.373737,91.12965,82.274445,79.434166,65.073105,78.32922,72.066666,84.09091,51.98968,1262.9352,0.9103049,0.94679034,0.9235723,6745.7
Z-All,RandomSearch,17,6,4b,2e-06,0.01,600,25829.197297668456,71.58703,37.373737,89.53753,80.34256,79.05332,66.72491,79.79301,77.6,83.22369,42.558533,1159.0001,0.8188028,0.9178359,0.8548148,2063.8
Z-All,RandomSearch,18,2,4b,2e-06,0.01,200,30278.36381230354,68.85666,36.868687,88.324486,78.838875,78.618065,63.704185,78.30174,83.566666,83.98693,41.610497,1196.2502,0.7386879,0.98984534,0.83001786,687.9
Z-All,RandomSearch,19,4,14b,1e-06,0.01,200,26736.247725343703,69.96587,36.363636,89.31008,82.07529,80.52231,59.815693,80.17145,71.26667,82.90323,42.76248,1232.8019,0.8194465,0.7471075,0.7931414,6770.9
Z-All,RandomSearch,20,1,4b,2e-06,0.04,200,688.2041190624236,68.34471,35.858585,89.08264,78.00239,78.34603,62.65436,76.79673,76.46667,83.333336,30.749954,1171.565,0.66201943,0.64700025,0.6565579,688.1
Z-All,RandomSearch,21,0,14b,4e-06,0.02,200,6764.0026863574985,72.61092,37.373737,91.43291,82.13503,78.23721,68.20614,78.7239,72.96667,83.552635,50.026516,1262.8114,0.92929727,0.9276821,0.92871,6763.9
Z-All,RandomSearch,22,0,8b,1e-06,0.02,1000,21269.902872896197,71.843,39.89899,86.656555,79.92432,77.801956,64.51697,78.45162,68.333336,85.031845,39.921753,1217.537,0.75047725,0.9989319,0.8408244,21269.8
Z-All,RandomSearch,23,2,8b,1e-06,0.02,1000,31255.02642211914,71.843,39.89899,86.656555,79.92432,77.801956,64.51697,78.45162,68.333336,85.031845,39.921753,1217.537,0.75047725,0.9989319,0.8408244,21269.8
Z-All,RandomSearch,24,2,14b,2e-06,0.02,200,19240.95847258568,71.672356,37.373737,91.12965,82.274445,79.434166,65.073105,78.32922,72.066666,84.09091,51.98968,1262.9352,0.9103049,0.94679034,0.9235723,6745.7
Z-All,TPE,0,3,4b,4e-06,0.02,200,25469.078977918623,69.88055,35.353535,81.12206,78.94842,78.618065,64.89841,71.93702,75.4,81.6129,37.829903,1116.9609,0.64650476,0.6260297,0.63905925,2913.7
Z-All,TPE,1,4,14b,2e-06,0.01,200,26849.75200638771,72.01365,36.868687,91.96361,82.23461,78.67247,66.43039,77.74721,76.9,85.80645,57.493683,1285.0702,0.89506,1.1885978,1.001801,6789.4
Z-All,TPE,2,1,8b,1e-06,0.02,1000,21269.90315351486,71.843,39.89899,86.656555,79.92432,77.801956,64.51697,78.45162,68.333336,85.031845,39.921753,1217.537,0.75047725,0.9989319,0.8408244,21269.8
Z-All,TPE,3,1,1.7b,4e-06,0.01,2031,12522.102164840697,59.215015,21.717173,56.027294,69.67735,75.952126,50.902428,51.090496,76.2,85.37415,22.314627,977.7758,-0.673979,0.7252726,-0.16516022,12522.0
Z-All,TPE,4,0,14b,4e-06,0.01,200,6759.70180592537,74.06143,36.363636,90.59894,82.25453,77.14908,69.228386,79.03363,70.666664,86.451614,53.84435,1268.0673,0.897812,0.9996048,0.93482757,6759.6
Z-All,TPE,5,1,8b,4e-06,0.02,200,4256.102564430237,71.92833,38.88889,86.50493,80.233025,77.910774,64.28033,78.08692,72.0,85.76159,41.394894,1237.6453,0.8198004,0.81409365,0.8177252,4256.0
Z-All,TPE,6,1,4b,1e-06,0.01,2000,29023.402803993224,71.16041,36.868687,88.62775,79.93427,79.16213,65.16915,77.76843,76.73333,83.333336,39.520733,1157.1019,0.7696911,1.1580718,0.91092044,29023.3
Z-All,TPE,7,2,14b,1e-06,0.04,600,30231.724407052992,72.1843,37.373737,90.59894,81.9757,79.651794,64.12944,78.37294,69.3,87.012985,41.15565,1232.0355,0.8329583,0.87229156,0.8472613,20251.5
Z-All,TPE,8,2,8b,4e-06,0.04,200,13801.054942941664,71.58703,39.39394,86.27748,79.994026,77.693146,63.703495,78.71265,70.2,81.818184,37.30453,1206.29,0.8091844,0.59860915,0.7326116,1325.8
Z-All,TPE,9,0,14b,4e-06,0.01,200,6759.7026992797855,74.06143,36.363636,90.59894,82.25453,77.14908,69.228386,79.03363,70.666664,86.451614,53.84435,1268.0673,0.897812,0.9996048,0.93482757,6759.6
Z-All,TPE,10,0,14b,2e-06,0.02,200,6745.802031135559,71.672356,37.373737,91.12965,82.274445,79.434166,65.073105,78.32922,72.066666,84.09091,51.98968,1262.9352,0.9103049,0.94679034,0.9235723,6745.7
Z-All,TPE,11,4,14b,1e-06,0.02,200,26767.348092889784,69.88055,36.363636,88.77938,81.99562,80.4679,59.353775,80.41624,73.46667,77.597404,39.127018,1217.1661,0.8060707,0.61071116,0.7350309,6797.0
Z-All,TPE,12,1,8b,4e-06,0.01,200,4264.102244472504,71.92833,39.39394,87.64215,80.60147,76.605,65.273674,76.106064,72.2,84.09091,47.07675,1223.7786,0.79442984,0.8439179,0.8124255,4264.0
Z-All,TPE,13,1,4b,2e-06,0.02,200,693.0020118713378,68.686005,36.868687,89.158455,78.3808,78.56366,63.142937,75.42039,80.76667,87.0,36.82783,1189.3018,0.7036604,0.92452455,0.78397465,692.9
Z-All,TPE,14,1,14b,2e-06,0.01,200,6789.504604434967,72.01365,36.868687,91.96361,82.23461,78.67247,66.43039,77.74721,76.9,85.80645,57.493683,1285.0702,0.89506,1.1885978,1.001801,6789.4
Z-All,TPE,15,4,8b,2e-06,0.01,200,26719.98040781021,70.819115,38.38384,86.353294,80.233025,77.85637,63.270527,78.69641,77.73333,84.83871,47.87344,1242.7335,0.7766102,1.0122542,0.86229897,4259.6
Z-All,TPE,16,1,8b,4e-06,0.02,200,4256.101732349396,71.92833,38.88889,86.50493,80.233025,77.910774,64.28033,78.08692,72.0,85.76159,41.394894,1237.6453,0.8198004,0.81409365,0.8177252,4256.0
Z-All,TPE,17,2,14b,2e-06,0.04,200,13807.08866343498,71.331055,36.868687,89.9166,82.03545,79.86942,62.660313,78.98243,67.13333,84.31373,41.638817,1232.137,0.8657634,0.6721739,0.79536724,6766.9
Z-All,TPE,18,0,14b,2e-06,0.04,200,6767.006635284424,71.331055,36.868687,89.9166,82.03545,79.86942,62.660313,78.98243,67.13333,84.31373,41.638817,1232.137,0.8657634,0.6721739,0.79536724,6766.9
Z-All,TPE,19,0,8b,4e-06,0.02,200,4256.103056287766,71.92833,38.88889,86.50493,80.233025,77.910774,64.28033,78.08692,72.0,85.76159,41.394894,1237.6453,0.8198004,0.81409365,0.8177252,4256.0
Z-All,TPE,20,0,8b,2e-06,0.02,200,4237.802345132828,71.16041,37.878788,85.44352,79.72515,77.96518,62.357796,78.13563,71.6,87.33766,43.10038,1226.4381,0.74252415,0.85279983,0.7826244,4237.7
Z-All,TPE,21,0,8b,1e-06,0.02,1000,21269.903252935408,71.843,39.89899,86.656555,79.92432,77.801956,64.51697,78.45162,68.333336,85.031845,39.921753,1217.537,0.75047725,0.9989319,0.8408244,21269.8
Z-All,TPE,22,1,8b,1e-06,0.02,1000,21269.902716732024,71.843,39.89899,86.656555,79.92432,77.801956,64.51697,78.45162,68.333336,85.031845,39.921753,1217.537,0.75047725,0.9989319,0.8408244,21269.8
Z-All,TPE,23,0,14b,4e-06,0.01,200,6759.702181434632,74.06143,36.363636,90.59894,82.25453,77.14908,69.228386,79.03363,70.666664,86.451614,53.84435,1268.0673,0.897812,0.9996048,0.93482757,6759.6
Z-All,TPE,24,0,4b,2e-06,0.01,600,2063.9019225597385,71.58703,37.373737,89.53753,80.34256,79.05332,66.72491,79.79301,77.6,83.22369,42.558533,1159.0001,0.8188028,0.9178359,0.8548148,2063.8
